fold,auc_score
1,0.8616560744220318
2,0.8344935431799838
3,0.8471781305114638
4,0.8275359502526234
5,0.888888888888889
6,0.8826172858637121
7,0.9263033525328607
8,0.8413764381279608
9,0.8316050014936202
10,0.8353051204115034
